{
  "files": [
    {
      "fileName": "./../../s/OSS_Microsoft_OpenSSH_Dev/contrib/win32/openssh/libfido2/_manifest/spdx_2.2/manifest.spdx.json",
      "SPDXID": "SPDXRef-File--..-..-s-OSS-Microsoft-OpenSSH-Dev-contrib-win32-openssh-libfido2--manifest-spdx-2.2-manifest.spdx.json-78BCA45F111323552F7A97354E8510EACF7D9DCF",
      "checksums": [
        {
          "algorithm": "SHA256",
          "checksumValue": "417c9087a0abec9d17a7747bde39f335910fbabff3ed5c82a67b7e1ffc28d7ee"
        },
        {
          "algorithm": "SHA1",
          "checksumValue": "78bca45f111323552f7a97354e8510eacf7d9dcf"
        }
      ],
      "licenseConcluded": "NOASSERTION",
      "licenseInfoInFiles": [
        "NOASSERTION"
      ],
      "copyrightText": "NOASSERTION",
      "fileTypes": [
        "SPDX"
      ]
    },
    {
      "fileName": "./../../s/OSS_Microsoft_OpenSSH_Dev/contrib/win32/openssh/LibreSSL/_manifest/spdx_2.2/manifest.spdx.json",
      "SPDXID": "SPDXRef-File--..-..-s-OSS-Microsoft-OpenSSH-Dev-contrib-win32-openssh-LibreSSL--manifest-spdx-2.2-manifest.spdx.json-FC30D93D52889318FB210564EFD5C1E0CA814E8D",
      "checksums": [
        {
          "algorithm": "SHA256",
          "checksumValue": "42a2342ac83a8f0bbbd5db2da60e4bf7409d409b8757cf22df4dae48ce8710b5"
        },
        {
          "algorithm": "SHA1",
          "checksumValue": "fc30d93d52889318fb210564efd5c1e0ca814e8d"
        }
      ],
      "licenseConcluded": "NOASSERTION",
      "licenseInfoInFiles": [
        "NOASSERTION"
      ],
      "copyrightText": "NOASSERTION",
      "fileTypes": [
        "SPDX"
      ]
    },
    {
      "fileName": "./../../s/OSS_Microsoft_OpenSSH_Dev/contrib/win32/openssh/ZLib/_manifest/spdx_2.2/manifest.spdx.json",
      "SPDXID": "SPDXRef-File--..-..-s-OSS-Microsoft-OpenSSH-Dev-contrib-win32-openssh-ZLib--manifest-spdx-2.2-manifest.spdx.json-25599F97CEDC67D207728F4A17D7964C1C334C17",
      "checksums": [
        {
          "algorithm": "SHA256",
          "checksumValue": "ac94062a00f2a41900b3b8dc8b1ffd53004a936443853e3abc2ca9bb591aadb2"
        },
        {
          "algorithm": "SHA1",
          "checksumValue": "25599f97cedc67d207728f4a17d7964c1c334c17"
        }
      ],
      "licenseConcluded": "NOASSERTION",
      "licenseInfoInFiles": [
        "NOASSERTION"
      ],
      "copyrightText": "NOASSERTION",
      "fileTypes": [
        "SPDX"
      ]
    },
    {
      "fileName": "./FixHostFilePermissions.ps1",
      "SPDXID": "SPDXRef-File--FixHostFilePermissions.ps1-105C66E7A61CF24D1C4CC72210C7E8D66BEF93A5",
      "checksums": [
        {
          "algorithm": "SHA256",
          "checksumValue": "ff3f892bdc4b918640112e3fe5af0df64668750e5a2929d36994e7cb1ceaafa6"
        },
        {
          "algorithm": "SHA1",
          "checksumValue": "105c66e7a61cf24d1c4cc72210c7e8d66bef93a5"
        }
      ],
      "licenseConcluded": "NOASSERTION",
      "licenseInfoInFiles": [
        "NOASSERTION"
      ],
      "copyrightText": "NOASSERTION"
    },
    {
      "fileName": "./OpenSSHUtils.psd1",
      "SPDXID": "SPDXRef-File--OpenSSHUtils.psd1-9844976820A53C908F70E98DAB7BB88552235F56",
      "checksums": [
        {
          "algorithm": "SHA256",
          "checksumValue": "f6cf2ea41ce3a6de3bbf3f3b37a30ab80cbc8171c81c06fab5d6ddc5fc47af83"
        },
        {
          "algorithm": "SHA1",
          "checksumValue": "9844976820a53c908f70e98dab7bb88552235f56"
        }
      ],
      "licenseConcluded": "NOASSERTION",
      "licenseInfoInFiles": [
        "NOASSERTION"
      ],
      "copyrightText": "NOASSERTION"
    },
    {
      "fileName": "./ssh-keyscan.exe",
      "SPDXID": "SPDXRef-File--ssh-keyscan.exe-7F4931F9D968B17428F8B9A6D15A364EC33FC07C",
      "checksums": [
        {
          "algorithm": "SHA256",
          "checksumValue": "bc7813aace9889d0dfb8ab312140c1c28dca0cb93afdec12ca826a7460821ca2"
        },
        {
          "algorithm": "SHA1",
          "checksumValue": "7f4931f9d968b17428f8b9a6d15a364ec33fc07c"
        }
      ],
      "licenseConcluded": "NOASSERTION",
      "licenseInfoInFiles": [
        "NOASSERTION"
      ],
      "copyrightText": "NOASSERTION"
    },
    {
      "fileName": "./install-sshd.ps1",
      "SPDXID": "SPDXRef-File--install-sshd.ps1-D413CE1611CCD66CCE5990208D6F75A880DE886D",
      "checksums": [
        {
          "algorithm": "SHA256",
          "checksumValue": "fbeb8a4118faef459427d69e11d1910d3941a62081c672ecc3b8a084ae84bc66"
        },
        {
          "algorithm": "SHA1",
          "checksumValue": "d413ce1611ccd66cce5990208d6f75a880de886d"
        }
      ],
      "licenseConcluded": "NOASSERTION",
      "licenseInfoInFiles": [
        "NOASSERTION"
      ],
      "copyrightText": "NOASSERTION"
    },
    {
      "fileName": "./scp.exe",
      "SPDXID": "SPDXRef-File--scp.exe-01990DD4ADD5C528A2AD210F5B2ACA477E61248E",
      "checksums": [
        {
          "algorithm": "SHA256",
          "checksumValue": "dbd489d6d854c8098422f7f91ad3d71e9882f862edbf680dd22205861c943b80"
        },
        {
          "algorithm": "SHA1",
          "checksumValue": "01990dd4add5c528a2ad210f5b2aca477e61248e"
        }
      ],
      "licenseConcluded": "NOASSERTION",
      "licenseInfoInFiles": [
        "NOASSERTION"
      ],
      "copyrightText": "NOASSERTION"
    },
    {
      "fileName": "./ssh-shellhost.exe",
      "SPDXID": "SPDXRef-File--ssh-shellhost.exe-C08CC7DA5595C7CC6149D0E82A6C74B5E00DA34C",
      "checksums": [
        {
          "algorithm": "SHA256",
          "checksumValue": "dea731d771311fb0eefc63d00598f8d90b471dd9fd90a22300f6a098a8d94c92"
        },
        {
          "algorithm": "SHA1",
          "checksumValue": "c08cc7da5595c7cc6149d0e82a6c74b5e00da34c"
        }
      ],
      "licenseConcluded": "NOASSERTION",
      "licenseInfoInFiles": [
        "NOASSERTION"
      ],
      "copyrightText": "NOASSERTION"
    },
    {
      "fileName": "./FixUserFilePermissions.ps1",
      "SPDXID": "SPDXRef-File--FixUserFilePermissions.ps1-045D29DA09049FE0693CDA74DB8F76AD70DD1D27",
      "checksums": [
        {
          "algorithm": "SHA256",
          "checksumValue": "4cb3639a62c0e2481ee28e70b98c7095cd3004a1912f3ddb9c353d312f2e4ca1"
        },
        {
          "algorithm": "SHA1",
          "checksumValue": "045d29da09049fe0693cda74db8f76ad70dd1d27"
        }
      ],
      "licenseConcluded": "NOASSERTION",
      "licenseInfoInFiles": [
        "NOASSERTION"
      ],
      "copyrightText": "NOASSERTION"
    },
    {
      "fileName": "./OpenSSHUtils.psm1",
      "SPDXID": "SPDXRef-File--OpenSSHUtils.psm1-386E73CA702D6D520E29647D667BB1E9CB1B8CA2",
      "checksums": [
        {
          "algorithm": "SHA256",
          "checksumValue": "334d256397341664633da3fc70112ff09edf75f1b7bdec7d21f8a55c56bfc10b"
        },
        {
          "algorithm": "SHA1",
          "checksumValue": "386e73ca702d6d520e29647d667bb1e9cb1b8ca2"
        }
      ],
      "licenseConcluded": "NOASSERTION",
      "licenseInfoInFiles": [
        "NOASSERTION"
      ],
      "copyrightText": "NOASSERTION"
    },
    {
      "fileName": "./ssh-pkcs11-helper.exe",
      "SPDXID": "SPDXRef-File--ssh-pkcs11-helper.exe-CA0BF61BFF86645F78CDFC2976AB4D20398A095B",
      "checksums": [
        {
          "algorithm": "SHA256",
          "checksumValue": "18d6c0ac61b4d35a3d564bc18a4ed8c041057b86ebbb08dfaf7d7967bc756b55"
        },
        {
          "algorithm": "SHA1",
          "checksumValue": "ca0bf61bff86645f78cdfc2976ab4d20398a095b"
        }
      ],
      "licenseConcluded": "NOASSERTION",
      "licenseInfoInFiles": [
        "NOASSERTION"
      ],
      "copyrightText": "NOASSERTION"
    },
    {
      "fileName": "./libcrypto.dll",
      "SPDXID": "SPDXRef-File--libcrypto.dll-506F0EA6AFC07DC1896DDBBBFE408E144997B672",
      "checksums": [
        {
          "algorithm": "SHA256",
          "checksumValue": "d84dafcf0e986f4df01bb857b1dc23709229907730ff80d8365f1773a65527b7"
        },
        {
          "algorithm": "SHA1",
          "checksumValue": "506f0ea6afc07dc1896ddbbbfe408e144997b672"
        }
      ],
      "licenseConcluded": "NOASSERTION",
      "licenseInfoInFiles": [
        "NOASSERTION"
      ],
      "copyrightText": "NOASSERTION"
    },
    {
      "fileName": "./sftp-server.exe",
      "SPDXID": "SPDXRef-File--sftp-server.exe-2E545D64EEB36176AFC4504A5C7318D4A38A4E25",
      "checksums": [
        {
          "algorithm": "SHA256",
          "checksumValue": "32eb2eee32e209fa4e7e734f6f3d1e5fadd8126d2b76d64d78de33a315435925"
        },
        {
          "algorithm": "SHA1",
          "checksumValue": "2e545d64eeb36176afc4504a5c7318d4a38a4e25"
        }
      ],
      "licenseConcluded": "NOASSERTION",
      "licenseInfoInFiles": [
        "NOASSERTION"
      ],
      "copyrightText": "NOASSERTION"
    },
    {
      "fileName": "./ssh-sk-helper.exe",
      "SPDXID": "SPDXRef-File--ssh-sk-helper.exe-6AD70584659C5802931D57F58FD9EAE3160ADCD3",
      "checksums": [
        {
          "algorithm": "SHA256",
          "checksumValue": "3d29dfe4f8f04b468316b2eac86edb34dadac0926076f09c20fd9da6613d5eb1"
        },
        {
          "algorithm": "SHA1",
          "checksumValue": "6ad70584659c5802931d57f58fd9eae3160adcd3"
        }
      ],
      "licenseConcluded": "NOASSERTION",
      "licenseInfoInFiles": [
        "NOASSERTION"
      ],
      "copyrightText": "NOASSERTION"
    },
    {
      "fileName": "./LICENSE.txt",
      "SPDXID": "SPDXRef-File--LICENSE.txt-A7739A32F1926D71A9EB22D101287ECEA09A6AC5",
      "checksums": [
        {
          "algorithm": "SHA256",
          "checksumValue": "e6a25da96c2fccdc025caad56d99f87851ec3fe814a3cea83f2bc77ffc800681"
        },
        {
          "algorithm": "SHA1",
          "checksumValue": "a7739a32f1926d71a9eb22d101287ecea09a6ac5"
        }
      ],
      "licenseConcluded": "NOASSERTION",
      "licenseInfoInFiles": [
        "NOASSERTION"
      ],
      "copyrightText": "NOASSERTION"
    },
    {
      "fileName": "./sftp.exe",
      "SPDXID": "SPDXRef-File--sftp.exe-2F0CDC6B0BA62B579DD448D79CF2429854689D5B",
      "checksums": [
        {
          "algorithm": "SHA256",
          "checksumValue": "8fd11a03c9c0b0ed6841655bbfb5021bf9e580bdd6b6e0f28e9fc21d164faa50"
        },
        {
          "algorithm": "SHA1",
          "checksumValue": "2f0cdc6b0ba62b579dd448d79cf2429854689d5b"
        }
      ],
      "licenseConcluded": "NOASSERTION",
      "licenseInfoInFiles": [
        "NOASSERTION"
      ],
      "copyrightText": "NOASSERTION"
    },
    {
      "fileName": "./NOTICE.txt",
      "SPDXID": "SPDXRef-File--NOTICE.txt-0C6BEDA8BE1A704C0C2615D4A481BACA0E56372D",
      "checksums": [
        {
          "algorithm": "SHA256",
          "checksumValue": "2cd5f5d0064bc909dfe0f0fc8f4787882c7c379f2730d89e5faa0c2bc57c620b"
        },
        {
          "algorithm": "SHA1",
          "checksumValue": "0c6beda8be1a704c0c2615d4a481baca0e56372d"
        }
      ],
      "licenseConcluded": "NOASSERTION",
      "licenseInfoInFiles": [
        "NOASSERTION"
      ],
      "copyrightText": "NOASSERTION"
    },
    {
      "fileName": "./ssh-agent.exe",
      "SPDXID": "SPDXRef-File--ssh-agent.exe-442CE6A2C1B34D1D643EF63B32F0870FE16167F4",
      "checksums": [
        {
          "algorithm": "SHA256",
          "checksumValue": "71c4a2b0b9daad69c551880b7acf012a83a7b123bf0d9e9e566f2557aada72c5"
        },
        {
          "algorithm": "SHA1",
          "checksumValue": "442ce6a2c1b34d1d643ef63b32f0870fe16167f4"
        }
      ],
      "licenseConcluded": "NOASSERTION",
      "licenseInfoInFiles": [
        "NOASSERTION"
      ],
      "copyrightText": "NOASSERTION"
    },
    {
      "fileName": "./sshd_config_default",
      "SPDXID": "SPDXRef-File--sshd-config-default-825CDEC4CF05869C74B01E7A1C8BF3C5E2C45CD8",
      "checksums": [
        {
          "algorithm": "SHA256",
          "checksumValue": "99f373a06dfa706f0a8a98d655c776850305b4b1ea3bf9a33fa926897bb15649"
        },
        {
          "algorithm": "SHA1",
          "checksumValue": "825cdec4cf05869c74b01e7a1c8bf3c5e2c45cd8"
        }
      ],
      "licenseConcluded": "NOASSERTION",
      "licenseInfoInFiles": [
        "NOASSERTION"
      ],
      "copyrightText": "NOASSERTION"
    },
    {
      "fileName": "./openssh-events.man",
      "SPDXID": "SPDXRef-File--openssh-events.man-39F0E1C5FDF3F456EEAF9F1A5696A7CA64617F86",
      "checksums": [
        {
          "algorithm": "SHA256",
          "checksumValue": "c36019e53e3045cba2639bf35ed1e2498e3563b272533e53301165c31ab60199"
        },
        {
          "algorithm": "SHA1",
          "checksumValue": "39f0e1c5fdf3f456eeaf9f1a5696a7ca64617f86"
        }
      ],
      "licenseConcluded": "NOASSERTION",
      "licenseInfoInFiles": [
        "NOASSERTION"
      ],
      "copyrightText": "NOASSERTION"
    },
    {
      "fileName": "./moduli",
      "SPDXID": "SPDXRef-File--moduli-4C7A68477C9B679EB0208BE182C9E8C02FA8DE7D",
      "checksums": [
        {
          "algorithm": "SHA256",
          "checksumValue": "df3b04c4b63ee4e4d2b99eb6d5756b73604773b6c8dcb4ee75ba669e2952ad4c"
        },
        {
          "algorithm": "SHA1",
          "checksumValue": "4c7a68477c9b679eb0208be182c9e8c02fa8de7d"
        }
      ],
      "licenseConcluded": "NOASSERTION",
      "licenseInfoInFiles": [
        "NOASSERTION"
      ],
      "copyrightText": "NOASSERTION"
    },
    {
      "fileName": "./ssh-keygen.exe",
      "SPDXID": "SPDXRef-File--ssh-keygen.exe-BC95EEC971D1558699936A7A98B88D879CF76288",
      "checksums": [
        {
          "algorithm": "SHA256",
          "checksumValue": "35c9c6a6384bc907dcff1333f14cf639eaadca047d9286791c6d330fe8ea4842"
        },
        {
          "algorithm": "SHA1",
          "checksumValue": "bc95eec971d1558699936a7a98b88d879cf76288"
        }
      ],
      "licenseConcluded": "NOASSERTION",
      "licenseInfoInFiles": [
        "NOASSERTION"
      ],
      "copyrightText": "NOASSERTION"
    },
    {
      "fileName": "./uninstall-sshd.ps1",
      "SPDXID": "SPDXRef-File--uninstall-sshd.ps1-2E77EA90B3BF6712F5FC0CEE47A4B6ADFF6ADF84",
      "checksums": [
        {
          "algorithm": "SHA256",
          "checksumValue": "87477dae12707578ab8fd5da278c19b49478ce84ed5e54ee00ed100f650ddc07"
        },
        {
          "algorithm": "SHA1",
          "checksumValue": "2e77ea90b3bf6712f5fc0cee47a4b6adff6adf84"
        }
      ],
      "licenseConcluded": "NOASSERTION",
      "licenseInfoInFiles": [
        "NOASSERTION"
      ],
      "copyrightText": "NOASSERTION"
    },
    {
      "fileName": "./ssh.exe",
      "SPDXID": "SPDXRef-File--ssh.exe-335F8D19A46BD712B5711512F2ED3B2F9CC10F74",
      "checksums": [
        {
          "algorithm": "SHA256",
          "checksumValue": "1274d38a8d3ae69ae8c57f4446381cd1f137d8ba3f23a52567580ecfaa9aad57"
        },
        {
          "algorithm": "SHA1",
          "checksumValue": "335f8d19a46bd712b5711512f2ed3b2f9cc10f74"
        }
      ],
      "licenseConcluded": "NOASSERTION",
      "licenseInfoInFiles": [
        "NOASSERTION"
      ],
      "copyrightText": "NOASSERTION"
    },
    {
      "fileName": "./ssh-add.exe",
      "SPDXID": "SPDXRef-File--ssh-add.exe-DD1BD2220B43ADCB7ADA076946A026C5178A0D48",
      "checksums": [
        {
          "algorithm": "SHA256",
          "checksumValue": "99292a8945c8ddc8bd496054a6e97acb5d81eb53415ad1a7a0a9c81aa6c8dbae"
        },
        {
          "algorithm": "SHA1",
          "checksumValue": "dd1bd2220b43adcb7ada076946a026c5178a0d48"
        }
      ],
      "licenseConcluded": "NOASSERTION",
      "licenseInfoInFiles": [
        "NOASSERTION"
      ],
      "copyrightText": "NOASSERTION"
    },
    {
      "fileName": "./sshd.exe",
      "SPDXID": "SPDXRef-File--sshd.exe-F477431BB7C5E70BDDF598243E3EC85618A21E47",
      "checksums": [
        {
          "algorithm": "SHA256",
          "checksumValue": "d0dbf20f5cd3e8a6fe1758d07e7c98ac21bb9c232448776c55749770df995c19"
        },
        {
          "algorithm": "SHA1",
          "checksumValue": "f477431bb7c5e70bddf598243e3ec85618a21e47"
        }
      ],
      "licenseConcluded": "NOASSERTION",
      "licenseInfoInFiles": [
        "NOASSERTION"
      ],
      "copyrightText": "NOASSERTION"
    }
  ],
  "packages": [
    {
      "name": "Microsoft.Telemetry.Inbox.Native",
      "SPDXID": "SPDXRef-Package-0E13AAD00D3394DF297FCA773EC1B0EDEF66F936E6C99311CBC4763108E2033B",
      "downloadLocation": "NOASSERTION",
      "filesAnalyzed": false,
      "licenseConcluded": "NOASSERTION",
      "licenseInfoFromFiles": [
        "NOASSERTION"
      ],
      "licenseDeclared": "NOASSERTION",
      "copyrightText": "NOASSERTION",
      "versionInfo": "10.0.18362.1-190318-1202.19h1-release.amd64fre",
      "externalRefs": [
        {
          "referenceCategory": "PACKAGE-MANAGER",
          "referenceType": "purl",
          "referenceLocator": "pkg:nuget/Microsoft.Telemetry.Inbox.Native@10.0.18362.1-190318-1202.19h1-release.amd64fre"
        }
      ],
      "supplier": "NOASSERTION"
    },
    {
      "name": "libressl",
      "SPDXID": "SPDXRef-Package-D5FD70E310C87D91782DED54FFD5699E92C422F383AB3A9FDB1C4AEE1CDB49CA",
      "downloadLocation": "https://www.libressl.org/",
      "filesAnalyzed": false,
      "licenseConcluded": "NOASSERTION",
      "licenseInfoFromFiles": [
        "NOASSERTION"
      ],
      "licenseDeclared": "NOASSERTION",
      "copyrightText": "NOASSERTION",
      "versionInfo": "3.6.1.0",
      "supplier": "NOASSERTION"
    },
    {
      "name": "powershell_libressl",
      "SPDXID": "SPDXRef-Package-391233C5C3FAE5CC22B238FBC9B57B2B7DA5C372E9B964738414A16A65E1BD9E",
      "downloadLocation": "https://github.com/PowerShell/LibreSSL/releases/tag/V3.6.1.0.zip",
      "filesAnalyzed": false,
      "licenseConcluded": "NOASSERTION",
      "licenseInfoFromFiles": [
        "NOASSERTION"
      ],
      "licenseDeclared": "NOASSERTION",
      "copyrightText": "NOASSERTION",
      "versionInfo": "3.6.1.0",
      "supplier": "NOASSERTION"
    },
    {
      "name": "libfido2",
      "SPDXID": "SPDXRef-Package-76D670A1E9846BAE49939A8C6D2D70CA17B9CF7617C5DD7857029331940F8C55",
      "downloadLocation": "https://github.com/Yubico/libfido2",
      "filesAnalyzed": false,
      "licenseConcluded": "NOASSERTION",
      "licenseInfoFromFiles": [
        "NOASSERTION"
      ],
      "licenseDeclared": "NOASSERTION",
      "copyrightText": "NOASSERTION",
      "versionInfo": "1.12.0",
      "supplier": "NOASSERTION"
    },
    {
      "name": "libcbor",
      "SPDXID": "SPDXRef-Package-F06B2DB6AB4F96F220834AED5AAEA51928351C99A2A79544B1300000E3726439",
      "downloadLocation": "https://github.com/PJK/libcbor",
      "filesAnalyzed": false,
      "licenseConcluded": "NOASSERTION",
      "licenseInfoFromFiles": [
        "NOASSERTION"
      ],
      "licenseDeclared": "NOASSERTION",
      "copyrightText": "NOASSERTION",
      "versionInfo": "0.8.0",
      "supplier": "NOASSERTION"
    },
    {
      "name": "powershell_libfido2",
      "SPDXID": "SPDXRef-Package-0F0576A567AA5FD6212028071123D50BF536FF336B8E4ECF0695F7E0E8081331",
      "downloadLocation": "https://github.com/PowerShell/libfido2/archive/refs/tags/1.12.0.zip",
      "filesAnalyzed": false,
      "licenseConcluded": "NOASSERTION",
      "licenseInfoFromFiles": [
        "NOASSERTION"
      ],
      "licenseDeclared": "NOASSERTION",
      "copyrightText": "NOASSERTION",
      "versionInfo": "1.12.0",
      "supplier": "NOASSERTION"
    },
    {
      "name": "powershell_zlib",
      "SPDXID": "SPDXRef-Package-19B4BB6515DFF8C58B23AA8A19F56B1ED91ECE605C6E2AF619473C4E4273B86F",
      "downloadLocation": "https://github.com/PowerShell/ZLib/releases/tag/V1.2.13.zip",
      "filesAnalyzed": false,
      "licenseConcluded": "NOASSERTION",
      "licenseInfoFromFiles": [
        "NOASSERTION"
      ],
      "licenseDeclared": "NOASSERTION",
      "copyrightText": "NOASSERTION",
      "versionInfo": "1.2.13",
      "supplier": "NOASSERTION"
    },
    {
      "name": "zlib",
      "SPDXID": "SPDXRef-Package-A9EB5C4218FA0D266FC5C664B8CAF9359754084A15E5398DE2212E4FC43EBF88",
      "downloadLocation": "http://zlib.net/",
      "filesAnalyzed": false,
      "licenseConcluded": "NOASSERTION",
      "licenseInfoFromFiles": [
        "NOASSERTION"
      ],
      "licenseDeclared": "NOASSERTION",
      "copyrightText": "NOASSERTION",
      "versionInfo": "1.2.13",
      "supplier": "NOASSERTION"
    },
    {
      "name": "powershell_libcbor",
      "SPDXID": "SPDXRef-Package-B9CBB6C45057D8D19744CABF9C5F727FC0323A84197BB23E19A02FB49DFE8065",
      "downloadLocation": "https://github.com/PowerShell/libcbor",
      "filesAnalyzed": false,
      "licenseConcluded": "NOASSERTION",
      "licenseInfoFromFiles": [
        "NOASSERTION"
      ],
      "licenseDeclared": "NOASSERTION",
      "copyrightText": "NOASSERTION",
      "versionInfo": "0.8.0",
      "supplier": "NOASSERTION"
    },
    {
      "name": "OpenSSH",
      "SPDXID": "SPDXRef-RootPackage",
      "downloadLocation": "NOASSERTION",
      "packageVerificationCode": {
        "packageVerificationCodeValue": "ba11d4f585f9968ca1a68fc36ed17a898788e2fd"
      },
      "filesAnalyzed": true,
      "licenseConcluded": "NOASSERTION",
      "licenseInfoFromFiles": [
        "NOASSERTION"
      ],
      "licenseDeclared": "NOASSERTION",
      "copyrightText": "NOASSERTION",
      "versionInfo": "v9.2.0.0",
      "supplier": "Organization: Microsoft",
      "hasFiles": [
        "SPDXRef-File--sshd.exe-F477431BB7C5E70BDDF598243E3EC85618A21E47",
        "SPDXRef-File--ssh-add.exe-DD1BD2220B43ADCB7ADA076946A026C5178A0D48",
        "SPDXRef-File--ssh.exe-335F8D19A46BD712B5711512F2ED3B2F9CC10F74",
        "SPDXRef-File--uninstall-sshd.ps1-2E77EA90B3BF6712F5FC0CEE47A4B6ADFF6ADF84",
        "SPDXRef-File--ssh-keygen.exe-BC95EEC971D1558699936A7A98B88D879CF76288",
        "SPDXRef-File--moduli-4C7A68477C9B679EB0208BE182C9E8C02FA8DE7D",
        "SPDXRef-File--openssh-events.man-39F0E1C5FDF3F456EEAF9F1A5696A7CA64617F86",
        "SPDXRef-File--sshd-config-default-825CDEC4CF05869C74B01E7A1C8BF3C5E2C45CD8",
        "SPDXRef-File--ssh-agent.exe-442CE6A2C1B34D1D643EF63B32F0870FE16167F4",
        "SPDXRef-File--NOTICE.txt-0C6BEDA8BE1A704C0C2615D4A481BACA0E56372D",
        "SPDXRef-File--sftp.exe-2F0CDC6B0BA62B579DD448D79CF2429854689D5B",
        "SPDXRef-File--LICENSE.txt-A7739A32F1926D71A9EB22D101287ECEA09A6AC5",
        "SPDXRef-File--ssh-sk-helper.exe-6AD70584659C5802931D57F58FD9EAE3160ADCD3",
        "SPDXRef-File--sftp-server.exe-2E545D64EEB36176AFC4504A5C7318D4A38A4E25",
        "SPDXRef-File--libcrypto.dll-506F0EA6AFC07DC1896DDBBBFE408E144997B672",
        "SPDXRef-File--ssh-pkcs11-helper.exe-CA0BF61BFF86645F78CDFC2976AB4D20398A095B",
        "SPDXRef-File--OpenSSHUtils.psm1-386E73CA702D6D520E29647D667BB1E9CB1B8CA2",
        "SPDXRef-File--FixUserFilePermissions.ps1-045D29DA09049FE0693CDA74DB8F76AD70DD1D27",
        "SPDXRef-File--ssh-shellhost.exe-C08CC7DA5595C7CC6149D0E82A6C74B5E00DA34C",
        "SPDXRef-File--scp.exe-01990DD4ADD5C528A2AD210F5B2ACA477E61248E",
        "SPDXRef-File--install-sshd.ps1-D413CE1611CCD66CCE5990208D6F75A880DE886D",
        "SPDXRef-File--ssh-keyscan.exe-7F4931F9D968B17428F8B9A6D15A364EC33FC07C",
        "SPDXRef-File--OpenSSHUtils.psd1-9844976820A53C908F70E98DAB7BB88552235F56",
        "SPDXRef-File--FixHostFilePermissions.ps1-105C66E7A61CF24D1C4CC72210C7E8D66BEF93A5"
      ]
    }
  ],
  "externalDocumentRefs": [
    {
      "externalDocumentId": "DocumentRef-ZLib-1.2.13-25599f97cedc67d207728f4a17d7964c1c334c17",
      "spdxDocument": "https://sbom.microsoft/1:2QSF7qZlbE-F7QrUJlEo7g:Ifmy0CRpKEe0S33n1Rdb-w/1748:309440/ZLib:1.2.13:f1B2BykuZEuu2dD2Z6ZtzA",
      "checksum": {
        "algorithm": "SHA1",
        "checksumValue": "25599f97cedc67d207728f4a17d7964c1c334c17"
      }
    },
    {
      "externalDocumentId": "DocumentRef-LibreSSL-3.6.1-fc30d93d52889318fb210564efd5c1e0ca814e8d",
      "spdxDocument": "https://sbom.microsoft/1:2QSF7qZlbE-F7QrUJlEo7g:Ifmy0CRpKEe0S33n1Rdb-w/1750:315375/LibreSSL:3.6.1:fyKpihH87EucxF0be9QDzg",
      "checksum": {
        "algorithm": "SHA1",
        "checksumValue": "fc30d93d52889318fb210564efd5c1e0ca814e8d"
      }
    },
    {
      "externalDocumentId": "DocumentRef-libfido2-1.9.0-78bca45f111323552f7a97354e8510eacf7d9dcf",
      "spdxDocument": "https://sbom.microsoft/1:2QSF7qZlbE-F7QrUJlEo7g:Ifmy0CRpKEe0S33n1Rdb-w/1853:317279/libfido2:1.9.0:alZekPBLNU6nPVQ1qrkSgg",
      "checksum": {
        "algorithm": "SHA1",
        "checksumValue": "78bca45f111323552f7a97354e8510eacf7d9dcf"
      }
    }
  ],
  "relationships": [
    {
      "relationshipType": "DESCRIBED_BY",
      "relatedSpdxElement": "SPDXRef-DOCUMENT",
      "spdxElementId": "SPDXRef-File--..-..-s-OSS-Microsoft-OpenSSH-Dev-contrib-win32-openssh-libfido2--manifest-spdx-2.2-manifest.spdx.json-78BCA45F111323552F7A97354E8510EACF7D9DCF"
    },
    {
      "relationshipType": "DESCRIBED_BY",
      "relatedSpdxElement": "SPDXRef-DOCUMENT",
      "spdxElementId": "SPDXRef-File--..-..-s-OSS-Microsoft-OpenSSH-Dev-contrib-win32-openssh-ZLib--manifest-spdx-2.2-manifest.spdx.json-25599F97CEDC67D207728F4A17D7964C1C334C17"
    },
    {
      "relationshipType": "DESCRIBED_BY",
      "relatedSpdxElement": "SPDXRef-DOCUMENT",
      "spdxElementId": "SPDXRef-File--..-..-s-OSS-Microsoft-OpenSSH-Dev-contrib-win32-openssh-LibreSSL--manifest-spdx-2.2-manifest.spdx.json-FC30D93D52889318FB210564EFD5C1E0CA814E8D"
    },
    {
      "relationshipType": "PREREQUISITE_FOR",
      "relatedSpdxElement": "DocumentRef-libfido2-1.9.0-78bca45f111323552f7a97354e8510eacf7d9dcf:SPDXRef-RootPackage",
      "spdxElementId": "SPDXRef-RootPackage"
    },
    {
      "relationshipType": "PREREQUISITE_FOR",
      "relatedSpdxElement": "DocumentRef-LibreSSL-3.6.1-fc30d93d52889318fb210564efd5c1e0ca814e8d:SPDXRef-RootPackage",
      "spdxElementId": "SPDXRef-RootPackage"
    },
    {
      "relationshipType": "PREREQUISITE_FOR",
      "relatedSpdxElement": "DocumentRef-ZLib-1.2.13-25599f97cedc67d207728f4a17d7964c1c334c17:SPDXRef-RootPackage",
      "spdxElementId": "SPDXRef-RootPackage"
    },
    {
      "relationshipType": "DESCRIBES",
      "relatedSpdxElement": "SPDXRef-RootPackage",
      "spdxElementId": "SPDXRef-DOCUMENT"
    },
    {
      "relationshipType": "DEPENDS_ON",
      "relatedSpdxElement": "SPDXRef-Package-B9CBB6C45057D8D19744CABF9C5F727FC0323A84197BB23E19A02FB49DFE8065",
      "spdxElementId": "SPDXRef-RootPackage"
    },
    {
      "relationshipType": "DEPENDS_ON",
      "relatedSpdxElement": "SPDXRef-Package-A9EB5C4218FA0D266FC5C664B8CAF9359754084A15E5398DE2212E4FC43EBF88",
      "spdxElementId": "SPDXRef-RootPackage"
    },
    {
      "relationshipType": "DEPENDS_ON",
      "relatedSpdxElement": "SPDXRef-Package-19B4BB6515DFF8C58B23AA8A19F56B1ED91ECE605C6E2AF619473C4E4273B86F",
      "spdxElementId": "SPDXRef-RootPackage"
    },
    {
      "relationshipType": "DEPENDS_ON",
      "relatedSpdxElement": "SPDXRef-Package-0F0576A567AA5FD6212028071123D50BF536FF336B8E4ECF0695F7E0E8081331",
      "spdxElementId": "SPDXRef-RootPackage"
    },
    {
      "relationshipType": "DEPENDS_ON",
      "relatedSpdxElement": "SPDXRef-Package-F06B2DB6AB4F96F220834AED5AAEA51928351C99A2A79544B1300000E3726439",
      "spdxElementId": "SPDXRef-RootPackage"
    },
    {
      "relationshipType": "DEPENDS_ON",
      "relatedSpdxElement": "SPDXRef-Package-76D670A1E9846BAE49939A8C6D2D70CA17B9CF7617C5DD7857029331940F8C55",
      "spdxElementId": "SPDXRef-RootPackage"
    },
    {
      "relationshipType": "DEPENDS_ON",
      "relatedSpdxElement": "SPDXRef-Package-391233C5C3FAE5CC22B238FBC9B57B2B7DA5C372E9B964738414A16A65E1BD9E",
      "spdxElementId": "SPDXRef-RootPackage"
    },
    {
      "relationshipType": "DEPENDS_ON",
      "relatedSpdxElement": "SPDXRef-Package-D5FD70E310C87D91782DED54FFD5699E92C422F383AB3A9FDB1C4AEE1CDB49CA",
      "spdxElementId": "SPDXRef-RootPackage"
    },
    {
      "relationshipType": "DEPENDS_ON",
      "relatedSpdxElement": "SPDXRef-Package-0E13AAD00D3394DF297FCA773EC1B0EDEF66F936E6C99311CBC4763108E2033B",
      "spdxElementId": "SPDXRef-RootPackage"
    }
  ],
  "spdxVersion": "SPDX-2.2",
  "dataLicense": "CC0-1.0",
  "SPDXID": "SPDXRef-DOCUMENT",
  "name": "OpenSSH v9.2.0.0",
  "documentNamespace": "https://sbom.microsoft/1:2QSF7qZlbE-F7QrUJlEo7g:Ifmy0CRpKEe0S33n1Rdb-w/1908:338017/OpenSSH:v9.2.0.0:al2WouG800aZ07uyizx0kw",
  "creationInfo": {
    "created": "2023-02-15T21:50:08Z",
    "creators": [
      "Organization: Microsoft",
      "Tool: Microsoft.SBOMTool-0.3.2"
    ]
  },
  "documentDescribes": [
    "SPDXRef-RootPackage"
  ]
}